insert into situacao_aluno value (1, 'evadido');

insert into situacao_aluno value (2, 'transferido');

insert into situacao_aluno value (3, 'cursando');

select * from situacao_aluno;



insert into tipo_curso value (1, 'modular');

insert into tipo_curso value (2, 'semestral');

select * from tipo_curso;



insert into professor value (30507, 'Ryan Gomes', 89178416353);

insert into professor value (30114, 'Beatriz Almeida', 74930893534);

insert into professor value (30282, 'Carolina Castro', 63578057851);

insert into professor value (30447, 'Vinicius Melo', 63424773107);

insert into professor value (30615, 'Diego Azevedo', 81656294842);

insert into professor value (30876, 'Melissa Cunha', 37431435428);

insert into professor value (30319, 'Bianca Correia', 46666968220);

insert into professor value (30191, 'Rebeca Oliveira', 91218364777);

insert into professor value (30896, 'Bianca Barros', 17385165397);

insert into professor value (30924, 'Júlia Castro', 67157419807);

insert into professor value (30166, 'Rafael Araujo', 42179416504);

insert into professor value (30303, 'Leonardo Barros', 27038572334);

insert into professor value (30739, 'Alex Fernandes', 74065525217);

insert into professor value (30335, 'André Costa', 66575287360);

insert into professor value (30526, 'Laura Barbosa', 41179827104);

insert into professor value (30786, 'Júlia Lima', 72656145856);

insert into professor value (30286, 'Alice Rodrigues', 51828229440);

insert into professor value (30341, 'Vitoria Almeida', 54818699004);

insert into professor value (30041, 'Luis Lima', 93987139501);

insert into professor value (30888, 'Emilly Costa', 83459604484);

select * from professor;



insert into disciplina value ('TBC', 'Técnicas em bico de confeitar');

insert into disciplina value ('MMR', 'Mini bolos, Massas e Recheios');

insert into disciplina value ('Mod', 'Modelagem');

insert into disciplina value ('Dec', 'Decorações ');

insert into disciplina value ('Re', 'Receitas');

insert into disciplina value ('BPF', 'Boas Praticas de Fabricação ');

insert into disciplina value ('TP', 'Técnicas de Preparação');

insert into disciplina value ('FBo', 'Fabricação de Bolos');

insert into disciplina value ('FBi', 'Fabricação de Biscoitos');

insert into disciplina value ('FSo', 'Fabricação de Sobremesas');

insert into disciplina value ('TPC', 'Tecnologia de Panificação e Confeitaria');

insert into disciplina value ('Pan', 'Panificação');

insert into disciplina value ('Con', 'Confeitaria');

insert into disciplina value ('STH', 'Segurança no Trabalho, Higiene e Saúde');

insert into disciplina value ('NN', 'Noções de Nutrição');

insert into disciplina value ('SA', 'Segurança Alimentar');

insert into disciplina value ('HBCI', 'Habilidades Básicas de Cozinha I');

insert into disciplina value ('HBCII', 'Habilidades Básicas de Cozinha II');

insert into disciplina value ('MA', 'Microbiologia dos Alimentos');

insert into disciplina value ('Veg', 'Vegetarianismo: conceito');

insert into disciplina value ('RV', 'Refeições Veganas');

insert into disciplina value ('TC', 'Técnicas de Cocção');

insert into disciplina value ('TTG', 'Terminologia Técnica Gastronômica');

select * from disciplina;



insert into mencao_escolar value ('NA', 'Não Avaliado');

insert into mencao_escolar value ('I', 'Insatisfatório');

insert into mencao_escolar value ('R', 'Regular');

insert into mencao_escolar value ('B', 'Bom');

insert into mencao_escolar value ('MB', 'Muito Bom');

select * from mencao_escolar;



insert into tipo_mencao value (1, 'Parcial');

insert into tipo_mencao value (2, 'Final');

select * from tipo_mencao;



insert into Aluno value (30438, 'Paulo Silva Pereira', 74178944371);

insert into Aluno value (30152, 'Jonathan Neves', 61066952531);

insert into Aluno value (30463, 'Cassandra Yang', 14262876314);

insert into Aluno value (30520, 'Tomás Martins', 26398484371);

insert into Aluno value (30397, 'Vitoria Alves', 57558797616);

insert into Aluno value (30782, 'Leonor Alves', 23396686896);

insert into Aluno value (30834, 'Ágatha Barros', 56908374238);

insert into Aluno value (30051, 'Carla Barbosa', 43379534340);

insert into Aluno value (30701, 'Isabelle Azevedo', 87506747731);

insert into Aluno value (30012, 'Kaua Barbosa', 27289942000);

insert into Aluno value (30706, 'Julian Cardoso', 21718958617);

insert into Aluno value (30933, 'Larissa Santos', 17568060390);

insert into Aluno value (30674, 'Lara Santos', 59245943194);

insert into Aluno value (30985, 'Mariana Barros', 19490679631);

insert into Aluno value (30934, 'Carla Rocha', 69433944100);

insert into Aluno value (30614, 'Júlio Santos', 97687924770);

insert into Aluno value (30230, 'Miguel Oliveira', 20716422522);

insert into Aluno value (30153, 'Gabrielle Costa', 75586095858);

insert into Aluno value (30384, 'Mateus Rodrigues', 69523728148);

insert into Aluno value (30079, 'Yasmin Fernandes', 68830616818);

insert into Aluno value (30558, 'Ágatha Pereira', 35843296989);

insert into Aluno value (30185, 'Sarah Sousa', 32898197521);

insert into Aluno value (30861, 'Bruna Ferreira', 68862247435);

insert into Aluno value (30819, 'Kauã Martins', 73889619509);

insert into Aluno value (30680, 'Giovana Castro', 31272814394);

insert into Aluno value (30226, 'Eduardo Martins', 71648972632);

insert into Aluno value (30769, 'Estevan Pereira', 86286572155);

insert into Aluno value (30703, 'Isabela Souza', 18333742904);

insert into Aluno value (30015, 'Ágatha Ribeiro', 48151326310);

insert into Aluno value (30856, 'Nicole Silva', 43073042920);

insert into Aluno value (30554, 'Victor Dias', 43511110629);

insert into Aluno value (30020, 'Beatriz Barbosa', 90905429222);

insert into Aluno value (30720, 'Júlio Pereira', 34051154343);

insert into Aluno value (30796, 'Julia Cunha', 35087235344);

insert into Aluno value (30901, 'Aline Rocha', 75096102491);

insert into Aluno value (30951, 'Thiago Goncalves', 94837973302);

insert into Aluno value (30083, 'Gabriel Dias', 26348393321);

insert into Aluno value (30741, 'Erick Fernandes', 74378781867);

insert into Aluno value (30434, 'Marcos Gomes', 64583333900);

insert into Aluno value (30072, 'Ryan Sousa', 96875168014);

insert into Aluno value (30962, 'Diego Oliveira', 75434215770);

insert into Aluno value (30215, 'Rafael Barros', 79275278270);

insert into Aluno value (30497, 'Tiago Carvalho', 69192631657);

insert into Aluno value (30311, 'Isabella Rodrigues', 75133071213);

insert into Aluno value (30851, 'Luís Alves', 71063369550);

insert into Aluno value (30061, 'Melissa Castro', 40097305103);

insert into Aluno value (30081, 'Ryan Pereira', 96161227380);

insert into Aluno value (30116, 'Arthur Oliveira', 55990108214);

insert into Aluno value (30415, 'Antônio Cavalcanti', 86942809659);

insert into Aluno value (30531, 'Leonor Oliveira', 70606932119);

insert into Aluno value (30183, 'Evelyn Fernandes', 54400231941);

insert into Aluno value (30002, 'Estevan Azevedo', 53393633171);

insert into Aluno value (30645, 'Fernanda Santos', 29903650280);

insert into Aluno value (30732, 'Enzo Barros', 75220404342);

insert into Aluno value (30709, 'Gabrielly Melo', 59199502690);

insert into Aluno value (30860, 'Marisa Pinto', 95401778392);

insert into Aluno value (30632, 'Enzo Alves', 70627136605);

insert into Aluno value (30965, 'Thaís Araujo', 78609389286);

insert into Aluno value (30219, 'Tomás Rocha', 16377374321);

insert into Aluno value (30126, 'Erick Castro', 74188746262);

insert into Aluno value (30640, 'Amanda Pereira', 67434236884);

insert into Aluno value (30065, 'Matilde Correia', 22315583276);

insert into Aluno value (30716, 'Kai Castro', 90458904961);

insert into Aluno value (30452, 'Carolina Rodrigues', 57879516549);

insert into Aluno value (30657, 'Murilo Ribeiro', 45706211477);

insert into Aluno value (30035, 'Leonardo Ribeiro', 16353978553);

insert into Aluno value (30028, 'Gabrielle Souza', 67949096934);

insert into Aluno value (30481, 'Thiago Correia', 99090671021);

insert into Aluno value (30204, 'Mariana Lima', 60980760143);

insert into Aluno value (30700, 'Luís Cardoso', 21830098705);

insert into Aluno value (30355, 'Kauã Alves', 63669713409);

insert into Aluno value (30494, 'Victor Melo', 61169096638);

insert into Aluno value (30817, 'Eduarda Lima', 83105889337);

insert into Aluno value (30502, 'Melissa Pereira', 86742212543);

insert into Aluno value (30635, 'Diego Ferreira', 48619925083);

insert into Aluno value (30150, 'Otávio Rodrigues', 82223432549);

insert into Aluno value (30821, 'Leonor Carvalho', 87792554856);

insert into Aluno value (30638, 'Marcos Rocha', 76287833505);

insert into Aluno value (30437, 'Brenda Fernandes', 65248229197);

insert into Aluno value (30882, 'Murilo Oliveira', 73529441333);

insert into Aluno value (30123, 'Aline Barbosa', 67147456998);

insert into Aluno value (30712, 'Tiago Azevedo', 44847957016);

insert into Aluno value (30717, 'Eduarda Araujo', 54706988314);

insert into Aluno value (30321, 'Giovana Goncalves', 39177736605);

insert into Aluno value (30946, 'Lucas Cardoso', 95979077391);

insert into Aluno value (30500, 'Carolina Souza', 46748191211);

insert into Aluno value (30740, 'Breno Oliveira', 61072061678);

insert into Aluno value (30575, 'Nicole Barbosa', 96640810786);

insert into Aluno value (30877, 'Renan Ribeiro', 31279841702);

insert into Aluno value (30263, 'Manuela Araujo', 14813602991);

insert into Aluno value (30957, 'Alex Carvalho', 41014593719);

insert into Aluno value (30303, 'Fernanda Rocha', 98230608431);

insert into Aluno value (30483, 'Luana Almeida', 55931948406);

insert into Aluno value (30658, 'Erick Araujo', 64261488140);

insert into Aluno value (30426, 'Sofia Araujo', 32384247425);

insert into Aluno value (30602, 'Marina Cavalcanti', 56577323674);

insert into Aluno value (30822, 'Leila Souza', 59936443543);

insert into Aluno value (30891, 'Eduarda Araujo', 21345088507);

insert into Aluno value (30163, 'Vinicius Barros', 91335767185);

insert into Aluno value (30485, 'Isabelle Dias', 59875171417);

select * from aluno;



insert into curso value ('CD', 'Cake Designer', 1);

insert into curso value ('C', 'Confeitaria', 2);

insert into curso value ('P', 'Padeiro', 1);

insert into curso value ('CP', 'Cozinheiro Profissional', 2);

insert into curso value ('CV', 'Cozinheiro Vegano', 2);

select * from curso;



insert into turma value ('1CD1', 2003, 1, 'CD');

insert into turma value ('1CD2', 2003, 1, 'CD');

insert into turma value ('1C1', 2004, 1, 'C');

insert into turma value ('2C1', 2005, 2, 'C');

insert into turma value ('1P1', 2006, 1, 'P');

insert into turma value ('1P2', 2006, 1, 'P');

insert into turma value ('1CP1', 2007, 1, 'CP');

insert into turma value ('2CP1', 2008, 2, 'CP');

insert into turma value ('1CV1', 2009, 1, 'CV');

insert into turma value ('2CV1', 2010, 2, 'CV');

select * from turma;



insert into lista_aluno value ('1CD1', 2003, 1, 30438, 3);

insert into lista_aluno value ('1CD1', 2003, 1, 30152, 3);

insert into lista_aluno value ('1CD1', 2003, 1, 30463, 3);

insert into lista_aluno value ('1CD1', 2003, 1, 30520, 3);

insert into lista_aluno value ('1CD1', 2003, 1, 30397, 3);

insert into lista_aluno value ('1CD1', 2003, 1, 30782, 3);

insert into lista_aluno value ('1CD1', 2003, 1, 30834, 3);

insert into lista_aluno value ('1CD1', 2003, 1, 30051, 1);

insert into lista_aluno value ('1CD1', 2003, 1, 30701, 1);

insert into lista_aluno value ('1CD1', 2003, 1, 30012, 2);

insert into lista_aluno value ('1CD2', 2003, 1, 30706, 3);

insert into lista_aluno value ('1CD2', 2003, 1, 30933, 2);

insert into lista_aluno value ('1CD2', 2003, 1, 30674, 3);

insert into lista_aluno value ('1CD2', 2003, 1, 30985, 3);

insert into lista_aluno value ('1CD2', 2003, 1, 30934, 3);

insert into lista_aluno value ('1CD2', 2003, 1, 30614, 3);

insert into lista_aluno value ('1CD2', 2003, 1, 30230, 2);

insert into lista_aluno value ('1CD2', 2003, 1, 30153, 1);

insert into lista_aluno value ('1CD2', 2003, 1, 30384, 3);

insert into lista_aluno value ('1CD2', 2003, 1, 30079, 3);

insert into lista_aluno value ('1C1', 2004, 1, 30558, 3);

insert into lista_aluno value ('1C1', 2004, 1, 30185, 3);

insert into lista_aluno value ('1C1', 2004, 1, 30861, 3);

insert into lista_aluno value ('1C1', 2004, 1, 30819, 3);

insert into lista_aluno value ('1C1', 2004, 1, 30680, 3);

insert into lista_aluno value ('1C1', 2004, 1, 30226, 3);

insert into lista_aluno value ('1C1', 2004, 1, 30769, 3);

insert into lista_aluno value ('1C1', 2004, 1, 30703, 3);

insert into lista_aluno value ('1C1', 2004, 1, 30015, 3);

insert into lista_aluno value ('1C1', 2004, 1, 30856, 1);

insert into lista_aluno value ('2C1', 2005, 2, 30554, 3);

insert into lista_aluno value ('2C1', 2005, 2, 30020, 3);

insert into lista_aluno value ('2C1', 2005, 2, 30720, 3);

insert into lista_aluno value ('2C1', 2005, 2, 30796, 3);

insert into lista_aluno value ('2C1', 2005, 2, 30901, 3);

insert into lista_aluno value ('2C1', 2005, 2, 30951, 3);

insert into lista_aluno value ('2C1', 2005, 2, 30083, 2);

insert into lista_aluno value ('2C1', 2005, 2, 30741, 3);

insert into lista_aluno value ('2C1', 2005, 2, 30434, 3);

insert into lista_aluno value ('2C1', 2005, 2, 30072, 1);

insert into lista_aluno value ('1P1', 2006, 1, 30962, 3);

insert into lista_aluno value ('1P1', 2006, 1, 30215, 3);

insert into lista_aluno value ('1P1', 2006, 1, 30497, 3);

insert into lista_aluno value ('1P1', 2006, 1, 30311, 2);

insert into lista_aluno value ('1P1', 2006, 1, 30851, 3);

insert into lista_aluno value ('1P1', 2006, 1, 30061, 3);

insert into lista_aluno value ('1P1', 2006, 1, 30081, 2);

insert into lista_aluno value ('1P1', 2006, 1, 30116, 1);

insert into lista_aluno value ('1P1', 2006, 1, 30415, 3);

insert into lista_aluno value ('1P1', 2006, 1, 30531, 3);

insert into lista_aluno value ('1P2', 2006, 1, 30183, 2);

insert into lista_aluno value ('1P2', 2006, 1, 30002, 3);

insert into lista_aluno value ('1P2', 2006, 1, 30645, 1);

insert into lista_aluno value ('1P2', 2006, 1, 30732, 3);

insert into lista_aluno value ('1P2', 2006, 1, 30709, 3);

insert into lista_aluno value ('1P2', 2006, 1, 30860, 3);

insert into lista_aluno value ('1P2', 2006, 1, 30632, 3);

insert into lista_aluno value ('1P2', 2006, 1, 30965, 1);

insert into lista_aluno value ('1P2', 2006, 1, 30219, 3);

insert into lista_aluno value ('1P2', 2006, 1, 30126, 2);

insert into lista_aluno value ('1CP1', 2007, 1, 30640, 3);

insert into lista_aluno value ('1CP1', 2007, 1, 30065, 3);

insert into lista_aluno value ('1CP1', 2007, 1, 30716, 3);

insert into lista_aluno value ('1CP1', 2007, 1, 30452, 3);

insert into lista_aluno value ('1CP1', 2007, 1, 30657, 1);

insert into lista_aluno value ('1CP1', 2007, 1, 30035, 2);

insert into lista_aluno value ('1CP1', 2007, 1, 30028, 3);

insert into lista_aluno value ('1CP1', 2007, 1, 30481, 3);

insert into lista_aluno value ('1CP1', 2007, 1, 30204, 3);

insert into lista_aluno value ('1CP1', 2007, 1, 30700, 1);

insert into lista_aluno value ('2CP1', 2008, 2, 30355, 3);

insert into lista_aluno value ('2CP1', 2008, 2, 30494, 2);

insert into lista_aluno value ('2CP1', 2008, 2, 30817, 1);

insert into lista_aluno value ('2CP1', 2008, 2, 30502, 1);

insert into lista_aluno value ('2CP1', 2008, 2, 30635, 2);

insert into lista_aluno value ('2CP1', 2008, 2, 30150, 3);

insert into lista_aluno value ('2CP1', 2008, 2, 30821, 3);

insert into lista_aluno value ('2CP1', 2008, 2, 30638, 3);

insert into lista_aluno value ('2CP1', 2008, 2, 30437, 3);

insert into lista_aluno value ('2CP1', 2008, 2, 30882, 3);

insert into lista_aluno value ('1CV1', 2009, 1, 30123, 3);

insert into lista_aluno value ('1CV1', 2009, 1, 30712, 3);

insert into lista_aluno value ('1CV1', 2009, 1, 30717, 3);

insert into lista_aluno value ('1CV1', 2009, 1, 30321, 3);

insert into lista_aluno value ('1CV1', 2009, 1, 30946, 2);

insert into lista_aluno value ('1CV1', 2009, 1, 30500, 2);

insert into lista_aluno value ('1CV1', 2009, 1, 30740, 1);

insert into lista_aluno value ('1CV1', 2009, 1, 30575, 1);

insert into lista_aluno value ('1CV1', 2009, 1, 30877, 1);

insert into lista_aluno value ('1CV1', 2009, 1, 30263, 3);

insert into lista_aluno value ('2CV1', 2010, 2, 30957, 3);

insert into lista_aluno value ('2CV1', 2010, 2, 30303, 3);

insert into lista_aluno value ('2CV1', 2010, 2, 30483, 3);

insert into lista_aluno value ('2CV1', 2010, 2, 30658, 3);

insert into lista_aluno value ('2CV1', 2010, 2, 30426, 3);

insert into lista_aluno value ('2CV1', 2010, 2, 30602, 3);

insert into lista_aluno value ('2CV1', 2010, 2, 30822, 3);

insert into lista_aluno value ('2CV1', 2010, 2, 30891, 3);

insert into lista_aluno value ('2CV1', 2010, 2, 30163, 3);

insert into lista_aluno value ('2CV1', 2010, 2, 30485, 3);

select * from lista_aluno;



insert into grade value ('1CD1', 2003, 1, 'TBC');

insert into grade value ('1CD1', 2003, 1, 'MMR');

insert into grade value ('1CD1', 2003, 1, 'Mod');

insert into grade value ('1CD1', 2003, 1, 'Dec');

insert into grade value ('1CD1', 2003, 1, 'Re');

insert into grade value ('1CD2', 2003, 1, 'TBC');

insert into grade value ('1CD2', 2003, 1, 'MMR');

insert into grade value ('1CD2', 2003, 1, 'Mod');

insert into grade value ('1CD2', 2003, 1, 'Dec');

insert into grade value ('1CD2', 2003, 1, 'Re');

insert into grade value ('1C1', 2004, 1, 'BPF');

insert into grade value ('1C1', 2004, 1, 'TP');

insert into grade value ('1C1', 2004, 1, 'FBo');

insert into grade value ('2C1', 2005, 2, 'FBi');

insert into grade value ('2C1', 2005, 2, 'FSo');

insert into grade value ('1P1', 2006, 1, 'TPC');

insert into grade value ('1P1', 2006, 1, 'Pan');

insert into grade value ('1P1', 2006, 1, 'Con');

insert into grade value ('1P1', 2006, 1, 'STH');

insert into grade value ('1P1', 2006, 1, 'NN');

insert into grade value ('1P2', 2006, 1, 'TPC');

insert into grade value ('1P2', 2006, 1, 'Pan');

insert into grade value ('1P2', 2006, 1, 'Con');

insert into grade value ('1P2', 2006, 1, 'STH');

insert into grade value ('1P2', 2006, 1, 'NN');

insert into grade value ('1CP1', 2007, 1, 'SA');

insert into grade value ('1CP1', 2007, 1, 'HBCI');

insert into grade value ('2CP1', 2008, 2, 'MA');

insert into grade value ('2CP1', 2008, 2, 'HBCII');

insert into grade value ('2CP1', 2008, 2, 'NN');

insert into grade value ('1CV1', 2009, 1, 'Veg');

insert into grade value ('1CV1', 2009, 1, 'TC');

insert into grade value ('1CV1', 2009, 1, 'NN');

insert into grade value ('2CV1', 2010, 2, 'TTG');

insert into grade value ('2CV1', 2010, 2, 'RV');

select * from grade;



insert into atribuicao value ('1CD1', 2003, 1, 'TBC', 30507, 200);

insert into atribuicao value ('1CD1', 2003, 1, 'MMR', 30114, 200);

insert into atribuicao value ('1CD1', 2003, 1, 'Mod', 30282, 200);

insert into atribuicao value ('1CD1', 2003, 1, 'Dec', 30447, 200);

insert into atribuicao value ('1CD1', 2003, 1, 'Re', 30615, 200);

insert into atribuicao value ('1CD2', 2003, 1, 'TBC', 30507, 200);

insert into atribuicao value ('1CD2', 2003, 1, 'MMR', 30114, 200);

insert into atribuicao value ('1CD2', 2003, 1, 'Mod', 30282, 200);

insert into atribuicao value ('1CD2', 2003, 1, 'Dec', 30447, 200);

insert into atribuicao value ('1CD2', 2003, 1, 'Re', 30615, 200);

insert into atribuicao value ('1C1', 2004, 1, 'BPF', 30876, 100);

insert into atribuicao value ('1C1', 2004, 1, 'TP', 30319, 100);

insert into atribuicao value ('1C1', 2004, 1, 'FBo', 30319, 100);

insert into atribuicao value ('2C1', 2005, 2, 'FBi', 30191, 100);

insert into atribuicao value ('2C1', 2005, 2, 'FSo', 30191, 100);

insert into atribuicao value ('1P1', 2006, 1, 'TPC', 30924, 200);

insert into atribuicao value ('1P1', 2006, 1, 'Pan', 30166, 200);

insert into atribuicao value ('1P1', 2006, 1, 'Con', 30303, 200);

insert into atribuicao value ('1P1', 2006, 1, 'STH', 30739, 200);

insert into atribuicao value ('1P1', 2006, 1, 'NN', 30335, 200);

insert into atribuicao value ('1P2', 2006, 1, 'TPC', 30924, 200);

insert into atribuicao value ('1P2', 2006, 1, 'Pan', 30166, 200);

insert into atribuicao value ('1P2', 2006, 1, 'Con', 30303, 200);

insert into atribuicao value ('1P2', 2006, 1, 'STH', 30739, 200);

insert into atribuicao value ('1P2', 2006, 1, 'NN', 30335, 200);

insert into atribuicao value ('1CP1', 2007, 1, 'SA', 30526, 100);

insert into atribuicao value ('1CP1', 2007, 1, 'HBCI', 30786, 100);

insert into atribuicao value ('2CP1', 2008, 2, 'MA', 30286, 100);

insert into atribuicao value ('2CP1', 2008, 2, 'HBCII', 30341, 100);

insert into atribuicao value ('2CP1', 2008, 2, 'NN', 30335, 100);

insert into atribuicao value ('1CV1', 2009, 1, 'Veg', 30041, 100);

insert into atribuicao value ('1CV1', 2009, 1, 'TC', 30888, 100);

insert into atribuicao value ('1CV1', 2009, 1, 'NN', 30335, 100);

insert into atribuicao value ('2CV1', 2010, 2, 'TTG', 30526, 100);

insert into atribuicao value ('2CV1', 2010, 2, 'RV', 30286, 100);

select * from atribuicao;



insert into mencao value (30438, '1CD1', 2003, 1, 'TBC', 2, 'B');

insert into mencao value (30438, '1CD1', 2003, 1, 'MMR', 2, 'MB');

insert into mencao value (30438, '1CD1', 2003, 1, 'Mod', 2, 'B');

insert into mencao value (30438, '1CD1', 2003, 1, 'Dec', 2, 'B');

insert into mencao value (30438, '1CD1', 2003, 1, 'Re', 2, 'R');


insert into mencao value (30152, '1CD1', 2003, 1, 'TBC', 2, 'B');

insert into mencao value (30152, '1CD1', 2003, 1, 'MMR', 2, 'B');

insert into mencao value (30152, '1CD1', 2003, 1, 'Mod', 2, 'B');

insert into mencao value (30152, '1CD1', 2003, 1, 'Dec', 2, 'B');

insert into mencao value (30152, '1CD1', 2003, 1, 'Re', 2, 'MB');


insert into mencao value (30463, '1CD1', 2003, 1, 'TBC', 2, 'MB');

insert into mencao value (30463, '1CD1', 2003, 1, 'MMR', 2, 'MB');

insert into mencao value (30463, '1CD1', 2003, 1, 'Mod', 2, 'MB');

insert into mencao value (30463, '1CD1', 2003, 1, 'Dec', 2, 'MB');

insert into mencao value (30463, '1CD1', 2003, 1, 'Re', 2, 'MB');


insert into mencao value (30520, '1CD1', 2003, 1, 'TBC', 2, 'R');

insert into mencao value (30520, '1CD1', 2003, 1, 'MMR', 2, 'R');

insert into mencao value (30520, '1CD1', 2003, 1, 'Mod', 2, 'I');

insert into mencao value (30520, '1CD1', 2003, 1, 'Dec', 2, 'B');

insert into mencao value (30520, '1CD1', 2003, 1, 'Re', 2, 'MB');


insert into mencao value (30397, '1CD1', 2003, 1, 'TBC', 2, 'R');

insert into mencao value (30397, '1CD1', 2003, 1, 'MMR', 2, 'R');

insert into mencao value (30397, '1CD1', 2003, 1, 'Mod', 2, 'R');

insert into mencao value (30397, '1CD1', 2003, 1, 'Dec', 2, 'R');

insert into mencao value (30397, '1CD1', 2003, 1, 'Re', 2, 'R');


insert into mencao value (30782, '1CD1', 2003, 1, 'TBC', 2, 'B');

insert into mencao value (30782, '1CD1', 2003, 1, 'MMR', 2, 'B');

insert into mencao value (30782, '1CD1', 2003, 1, 'Mod', 2, 'R');

insert into mencao value (30782, '1CD1', 2003, 1, 'Dec', 2, 'I');

insert into mencao value (30782, '1CD1', 2003, 1, 'Re', 2, 'I');


insert into mencao value (30834, '1CD1', 2003, 1, 'TBC', 2, 'I');

insert into mencao value (30834, '1CD1', 2003, 1, 'MMR', 2, 'R');

insert into mencao value (30834, '1CD1', 2003, 1, 'Mod', 2, 'I');

insert into mencao value (30834, '1CD1', 2003, 1, 'Dec', 2, 'I');

insert into mencao value (30834, '1CD1', 2003, 1, 'Re', 2, 'I');


insert into mencao value (30051, '1CD1', 2003, 1, 'TBC', 2, 'NA');

insert into mencao value (30051, '1CD1', 2003, 1, 'MMR', 2, 'NA');

insert into mencao value (30051, '1CD1', 2003, 1, 'Mod', 2, 'NA');

insert into mencao value (30051, '1CD1', 2003, 1, 'Dec', 2, 'NA');

insert into mencao value (30051, '1CD1', 2003, 1, 'Re', 2, 'NA');


insert into mencao value (30701, '1CD1', 2003, 1, 'TBC', 2, 'NA');

insert into mencao value (30701, '1CD1', 2003, 1, 'MMR', 2, 'NA');

insert into mencao value (30701, '1CD1', 2003, 1, 'Mod', 2, 'NA');

insert into mencao value (30701, '1CD1', 2003, 1, 'Dec', 2, 'NA');

insert into mencao value (30701, '1CD1', 2003, 1, 'Re', 2, 'NA');


insert into mencao value (30012, '1CD1', 2003, 1, 'TBC', 1, 'R');

insert into mencao value (30012, '1CD1', 2003, 1, 'MMR', 1, 'B');

insert into mencao value (30012, '1CD1', 2003, 1, 'Mod', 1, 'R');

insert into mencao value (30012, '1CD1', 2003, 1, 'Dec', 1, 'R');

insert into mencao value (30012, '1CD1', 2003, 1, 'Re', 1, 'MB');


insert into mencao value (30706, '1CD2', 2003, 1, 'TBC', 2, 'B');

insert into mencao value (30706, '1CD2', 2003, 1, 'MMR', 2, 'B');

insert into mencao value (30706, '1CD2', 2003, 1, 'Mod', 2, 'R');

insert into mencao value (30706, '1CD2', 2003, 1, 'Dec', 2, 'B');

insert into mencao value (30706, '1CD2', 2003, 1, 'Re', 2, 'MB');


insert into mencao value (30933, '1CD2', 2003, 1, 'TBC', 1, 'MB');

insert into mencao value (30933, '1CD2', 2003, 1, 'MMR', 1, 'MB');

insert into mencao value (30933, '1CD2', 2003, 1, 'Mod', 1, 'B');

insert into mencao value (30933, '1CD2', 2003, 1, 'Dec', 1, 'MB');

insert into mencao value (30933, '1CD2', 2003, 1, 'Re', 1, 'MB');


insert into mencao value (30674, '1CD2', 2003, 1, 'TBC', 2, 'R');

insert into mencao value (30674, '1CD2', 2003, 1, 'MMR', 2, 'I');

insert into mencao value (30674, '1CD2', 2003, 1, 'Mod', 2, 'I');

insert into mencao value (30674, '1CD2', 2003, 1, 'Dec', 2, 'R');

insert into mencao value (30674, '1CD2', 2003, 1, 'Re', 2, 'I');


insert into mencao value (30985, '1CD2', 2003, 1, 'TBC', 2, 'I');

insert into mencao value (30985, '1CD2', 2003, 1, 'MMR', 2, 'R');

insert into mencao value (30985, '1CD2', 2003, 1, 'Mod', 2, 'B');

insert into mencao value (30985, '1CD2', 2003, 1, 'Dec', 2, 'B');

insert into mencao value (30985, '1CD2', 2003, 1, 'Re', 2, 'R');


insert into mencao value (30934, '1CD2', 2003, 1, 'TBC', 2, 'R');

insert into mencao value (30934, '1CD2', 2003, 1, 'MMR', 2, 'B');

insert into mencao value (30934, '1CD2', 2003, 1, 'Mod', 2, 'MB');

insert into mencao value (30934, '1CD2', 2003, 1, 'Dec', 2, 'B');

insert into mencao value (30934, '1CD2', 2003, 1, 'Re', 2, 'R');


insert into mencao value (30614, '1CD2', 2003, 1, 'TBC', 2, 'B');

insert into mencao value (30614, '1CD2', 2003, 1, 'MMR', 2, 'R');

insert into mencao value (30614, '1CD2', 2003, 1, 'Mod', 2, 'B');

insert into mencao value (30614, '1CD2', 2003, 1, 'Dec', 2, 'R');

insert into mencao value (30614, '1CD2', 2003, 1, 'Re', 2, 'B');


insert into mencao value (30230, '1CD2', 2003, 1, 'TBC', 1, 'B');

insert into mencao value (30230, '1CD2', 2003, 1, 'MMR', 1, 'R');

insert into mencao value (30230, '1CD2', 2003, 1, 'Mod', 1, 'MB');

insert into mencao value (30230, '1CD2', 2003, 1, 'Dec', 1, 'R');

insert into mencao value (30230, '1CD2', 2003, 1, 'Re', 1, 'B');


insert into mencao value (30153, '1CD2', 2003, 1, 'TBC', 2, 'NA');

insert into mencao value (30153, '1CD2', 2003, 1, 'MMR', 2, 'NA');

insert into mencao value (30153, '1CD2', 2003, 1, 'Mod', 2, 'NA');

insert into mencao value (30153, '1CD2', 2003, 1, 'Dec', 2, 'NA');

insert into mencao value (30153, '1CD2', 2003, 1, 'Re', 2, 'NA');


insert into mencao value (30384, '1CD2', 2003, 1, 'TBC', 2, 'I');

insert into mencao value (30384, '1CD2', 2003, 1, 'MMR', 2, 'R');

insert into mencao value (30384, '1CD2', 2003, 1, 'Mod', 2, 'B');

insert into mencao value (30384, '1CD2', 2003, 1, 'Dec', 2, 'R');

insert into mencao value (30384, '1CD2', 2003, 1, 'Re', 2, 'I');


insert into mencao value (30079, '1CD2', 2003, 1, 'TBC', 2, 'I');

insert into mencao value (30079, '1CD2', 2003, 1, 'MMR', 2, 'R');

insert into mencao value (30079, '1CD2', 2003, 1, 'Mod', 2, 'I');

insert into mencao value (30079, '1CD2', 2003, 1, 'Dec', 2, 'R');

insert into mencao value (30079, '1CD2', 2003, 1, 'Re', 2, 'I');


insert into mencao value (30558, '1C1', 2004, 1, 'BPF', 2, 'B');

insert into mencao value (30558, '1C1', 2004, 1, 'TP', 2, 'MB');

insert into mencao value (30558, '1C1', 2004, 1, 'FBo', 2, 'B');


insert into mencao value (30185, '1C1', 2004, 1, 'BPF', 2, 'MB');

insert into mencao value (30185, '1C1', 2004, 1, 'TP', 2, 'MB');

insert into mencao value (30185, '1C1', 2004, 1, 'FBo', 2, 'R');


insert into mencao value (30861, '1C1', 2004, 1, 'BPF', 2, 'B');

insert into mencao value (30861, '1C1', 2004, 1, 'TP', 2, 'B');

insert into mencao value (30861, '1C1', 2004, 1, 'FBo', 2, 'R');


insert into mencao value (30819, '1C1', 2004, 1, 'BPF', 2, 'R');

insert into mencao value (30819, '1C1', 2004, 1, 'TP', 2, 'B');

insert into mencao value (30819, '1C1', 2004, 1, 'FBo', 2, 'I');


insert into mencao value (30226, '1C1', 2004, 1, 'BPF', 2, 'R');

insert into mencao value (30226, '1C1', 2004, 1, 'TP', 2, 'B');

insert into mencao value (30226, '1C1', 2004, 1, 'FBo', 2, 'I');


insert into mencao value (30769, '1C1', 2004, 1, 'BPF', 2, 'B');

insert into mencao value (30769, '1C1', 2004, 1, 'TP', 2, 'B');

insert into mencao value (30769, '1C1', 2004, 1, 'FBo', 2, 'R');


insert into mencao value (30703, '1C1', 2004, 1, 'BPF', 2, 'R');

insert into mencao value (30703, '1C1', 2004, 1, 'TP', 2, 'B');

insert into mencao value (30703, '1C1', 2004, 1, 'FBo', 2, 'R');


insert into mencao value (30015, '1C1', 2004, 1, 'BPF', 2, 'B');

insert into mencao value (30015, '1C1', 2004, 1, 'TP', 2, 'B');

insert into mencao value (30015, '1C1', 2004, 1, 'FBo', 2, 'MB');


insert into mencao value (30856, '1C1', 2004, 1, 'BPF', 2, 'NA');

insert into mencao value (30856, '1C1', 2004, 1, 'TP', 2, 'NA');

insert into mencao value (30856, '1C1', 2004, 1, 'FBo', 2, 'NA');


insert into mencao value (30554, '2C1', 2005, 2, 'FBi', 2, 'B');

insert into mencao value (30554, '2C1', 2005, 2, 'FSo', 2, 'B');


insert into mencao value (30020, '2C1', 2005, 2, 'FBi', 2, 'R');

insert into mencao value (30020, '2C1', 2005, 2, 'FSo', 2, 'B');


insert into mencao value (30720, '2C1', 2005, 2, 'FBi', 2, 'MB');

insert into mencao value (30720, '2C1', 2005, 2, 'FSo', 2, 'B');


insert into mencao value (30796, '2C1', 2005, 2, 'FBi', 2, 'B');

insert into mencao value (30796, '2C1', 2005, 2, 'FSo', 2, 'MB');


insert into mencao value (30901, '2C1', 2005, 2, 'FBi', 2, 'B');

insert into mencao value (30901, '2C1', 2005, 2, 'FSo', 2, 'R');


insert into mencao value (30951, '2C1', 2005, 2, 'FBi', 2, 'I');

insert into mencao value (30951, '2C1', 2005, 2, 'FSo', 2, 'R');


insert into mencao value (30083, '2C1', 2005, 2, 'FBi', 1, 'B');

insert into mencao value (30083, '2C1', 2005, 2, 'FSo', 1, 'MB');


insert into mencao value (30741, '2C1', 2005, 2, 'FBi', 2, 'I');

insert into mencao value (30741, '2C1', 2005, 2, 'FSo', 2, 'I');


insert into mencao value (30434, '2C1', 2005, 2, 'FBi', 2, 'B');

insert into mencao value (30434, '2C1', 2005, 2, 'FSo', 2, 'B');


insert into mencao value (30072, '2C1', 2005, 2, 'FBi', 2, 'NA');

insert into mencao value (30072, '2C1', 2005, 2, 'FSo', 2, 'NA');


insert into mencao value (30962, '1P1', 2006, 1, 'TPC', 2, 'B');

insert into mencao value (30962, '1P1', 2006, 1, 'Pan', 2, 'R');

insert into mencao value (30962, '1P1', 2006, 1, 'Con', 2, 'MB');

insert into mencao value (30962, '1P1', 2006, 1, 'STH', 2, 'R');

insert into mencao value (30962, '1P1', 2006, 1, 'NN', 2, 'B');


insert into mencao value (30215, '1P1', 2006, 1, 'TPC', 2, 'R');

insert into mencao value (30215, '1P1', 2006, 1, 'Pan', 2, 'R');

insert into mencao value (30215, '1P1', 2006, 1, 'Con', 2, 'B');

insert into mencao value (30215, '1P1', 2006, 1, 'STH', 2, 'R');

insert into mencao value (30215, '1P1', 2006, 1, 'NN', 2, 'R');


insert into mencao value (30497, '1P1', 2006, 1, 'TPC', 2, 'R');

insert into mencao value (30497, '1P1', 2006, 1, 'Pan', 2, 'B');

insert into mencao value (30497, '1P1', 2006, 1, 'Con', 2, 'B');

insert into mencao value (30497, '1P1', 2006, 1, 'STH', 2, 'B');

insert into mencao value (30497, '1P1', 2006, 1, 'NN', 2, 'R');


insert into mencao value (30311, '1P1', 2006, 1, 'TPC', 1, 'B');

insert into mencao value (30311, '1P1', 2006, 1, 'Pan', 1, 'B');

insert into mencao value (30311, '1P1', 2006, 1, 'Con', 1, 'B');

insert into mencao value (30311, '1P1', 2006, 1, 'STH', 1, 'B');

insert into mencao value (30311, '1P1', 2006, 1, 'NN', 1, 'B');


insert into mencao value (30851, '1P1', 2006, 1, 'TPC', 2, 'B');

insert into mencao value (30851, '1P1', 2006, 1, 'Pan', 2, 'B');

insert into mencao value (30851, '1P1', 2006, 1, 'Con', 2, 'R');

insert into mencao value (30851, '1P1', 2006, 1, 'STH', 2, 'B');

insert into mencao value (30851, '1P1', 2006, 1, 'NN', 2, 'B');


insert into mencao value (30061, '1P1', 2006, 1, 'TPC', 2, 'B');

insert into mencao value (30061, '1P1', 2006, 1, 'Pan', 2, 'R');

insert into mencao value (30061, '1P1', 2006, 1, 'Con', 2, 'R');

insert into mencao value (30061, '1P1', 2006, 1, 'STH', 2, 'R');

insert into mencao value (30061, '1P1', 2006, 1, 'NN', 2, 'B');


insert into mencao value (30081, '1P1', 2006, 1, 'TPC', 1, 'R');

insert into mencao value (30081, '1P1', 2006, 1, 'Pan', 1, 'R');

insert into mencao value (30081, '1P1', 2006, 1, 'Con', 1, 'I');

insert into mencao value (30081, '1P1', 2006, 1, 'STH', 1, 'R');

insert into mencao value (30081, '1P1', 2006, 1, 'NN', 1, 'R');


insert into mencao value (30116, '1P1', 2006, 1, 'TPC', 2, 'NA');

insert into mencao value (30116, '1P1', 2006, 1, 'Pan', 2, 'NA');

insert into mencao value (30116, '1P1', 2006, 1, 'Con', 2, 'NA');

insert into mencao value (30116, '1P1', 2006, 1, 'STH', 2, 'NA');

insert into mencao value (30116, '1P1', 2006, 1, 'NN', 2, 'NA');


insert into mencao value (30415, '1P1', 2006, 1, 'TPC', 2, 'R');

insert into mencao value (30415, '1P1', 2006, 1, 'Pan', 2, 'I');

insert into mencao value (30415, '1P1', 2006, 1, 'Con', 2, 'I');

insert into mencao value (30415, '1P1', 2006, 1, 'STH', 2, 'I');

insert into mencao value (30415, '1P1', 2006, 1, 'NN', 2, 'R');


insert into mencao value (30531, '1P1', 2006, 1, 'TPC', 2, 'I');

insert into mencao value (30531, '1P1', 2006, 1, 'Pan', 2, 'I');

insert into mencao value (30531, '1P1', 2006, 1, 'Con', 2, 'I');

insert into mencao value (30531, '1P1', 2006, 1, 'STH', 2, 'I');

insert into mencao value (30531, '1P1', 2006, 1, 'NN', 2, 'I');


insert into mencao value (30183, '1P2', 2006, 1, 'TPC', 1, 'I');

insert into mencao value (30183, '1P2', 2006, 1, 'Pan', 1, 'I');

insert into mencao value (30183, '1P2', 2006, 1, 'Con', 1, 'R');

insert into mencao value (30183, '1P2', 2006, 1, 'STH', 1, 'I');

insert into mencao value (30183, '1P2', 2006, 1, 'NN', 1, 'I');


insert into mencao value (30002, '1P2', 2006, 1, 'TPC', 2, 'I');

insert into mencao value (30002, '1P2', 2006, 1, 'Pan', 2, 'R');

insert into mencao value (30002, '1P2', 2006, 1, 'Con', 2, 'R');

insert into mencao value (30002, '1P2', 2006, 1, 'STH', 2, 'R');

insert into mencao value (30002, '1P2', 2006, 1, 'NN', 2, 'I');


insert into mencao value (30645, '1P2', 2006, 1, 'TPC', 2, 'NA');

insert into mencao value (30645, '1P2', 2006, 1, 'Pan', 2, 'NA');

insert into mencao value (30645, '1P2', 2006, 1, 'Con', 2, 'NA');

insert into mencao value (30645, '1P2', 2006, 1, 'STH', 2, 'NA');

insert into mencao value (30645, '1P2', 2006, 1, 'NN', 2, 'NA');


insert into mencao value (30732, '1P2', 2006, 1, 'TPC', 2, 'R');

insert into mencao value (30732, '1P2', 2006, 1, 'Pan', 2, 'R');

insert into mencao value (30732, '1P2', 2006, 1, 'Con', 2, 'R');

insert into mencao value (30732, '1P2', 2006, 1, 'STH', 2, 'R');

insert into mencao value (30732, '1P2', 2006, 1, 'NN', 2, 'R');


insert into mencao value (30709, '1P2', 2006, 1, 'TPC', 2, 'R');

insert into mencao value (30709, '1P2', 2006, 1, 'Pan', 2, 'R');

insert into mencao value (30709, '1P2', 2006, 1, 'Con', 2, 'B');

insert into mencao value (30709, '1P2', 2006, 1, 'STH', 2, 'R');

insert into mencao value (30709, '1P2', 2006, 1, 'NN', 2, 'R');


insert into mencao value (30860, '1P2', 2006, 1, 'TPC', 2, 'R');

insert into mencao value (30860, '1P2', 2006, 1, 'Pan', 2, 'B');

insert into mencao value (30860, '1P2', 2006, 1, 'Con', 2, 'B');

insert into mencao value (30860, '1P2', 2006, 1, 'STH', 2, 'B');

insert into mencao value (30860, '1P2', 2006, 1, 'NN', 2, 'R');


insert into mencao value (30632, '1P2', 2006, 1, 'TPC', 2, 'B');

insert into mencao value (30632, '1P2', 2006, 1, 'Pan', 2, 'B');

insert into mencao value (30632, '1P2', 2006, 1, 'Con', 2, 'B');

insert into mencao value (30632, '1P2', 2006, 1, 'STH', 2, 'B');

insert into mencao value (30632, '1P2', 2006, 1, 'NN', 2, 'B');


insert into mencao value (30965, '1P2', 2006, 1, 'TPC', 2, 'NA');

insert into mencao value (30965, '1P2', 2006, 1, 'Pan', 2, 'NA');

insert into mencao value (30965, '1P2', 2006, 1, 'Con', 2, 'NA');

insert into mencao value (30965, '1P2', 2006, 1, 'STH', 2, 'NA');

insert into mencao value (30965, '1P2', 2006, 1, 'NN', 2, 'NA');


insert into mencao value (30219, '1P2', 2006, 1, 'TPC', 2, 'B');

insert into mencao value (30219, '1P2', 2006, 1, 'Pan', 2, 'B');

insert into mencao value (30219, '1P2', 2006, 1, 'Con', 2, 'MB');

insert into mencao value (30219, '1P2', 2006, 1, 'STH', 2, 'B');

insert into mencao value (30219, '1P2', 2006, 1, 'NN', 2, 'B');


insert into mencao value (30126, '1P2', 2006, 1, 'TPC', 1, 'B');

insert into mencao value (30126, '1P2', 2006, 1, 'Pan', 1, 'MB');

insert into mencao value (30126, '1P2', 2006, 1, 'Con', 1, 'MB');

insert into mencao value (30126, '1P2', 2006, 1, 'STH', 1, 'MB');

insert into mencao value (30126, '1P2', 2006, 1, 'NN', 1, 'B');


insert into mencao value (30640, '1CP1', 2007, 1, 'SA', 2, 'MB');

insert into mencao value (30640, '1CP1', 2007, 1, 'HBCI', 2, 'MB');


insert into mencao value (30065, '1CP1', 2007, 1, 'SA', 2, 'MB');

insert into mencao value (30065, '1CP1', 2007, 1, 'HBCI', 2, 'B');


insert into mencao value (30716, '1CP1', 2007, 1, 'SA', 2, 'B');

insert into mencao value (30716, '1CP1', 2007, 1, 'HBCI', 2, 'B');


insert into mencao value (30452, '1CP1', 2007, 1, 'SA', 2, 'B');

insert into mencao value (30452, '1CP1', 2007, 1, 'HBCI', 2, 'B');


insert into mencao value (30657, '1CP1', 2007, 1, 'SA', 2, 'NA');

insert into mencao value (30657, '1CP1', 2007, 1, 'HBCI', 2, 'NA');


insert into mencao value (30035, '1CP1', 2007, 1, 'SA', 1, 'R');

insert into mencao value (30035, '1CP1', 2007, 1, 'HBCI', 1, 'R');


insert into mencao value (30028, '1CP1', 2007, 1, 'SA', 2, 'I');

insert into mencao value (30028, '1CP1', 2007, 1, 'HBCI', 2, 'R');


insert into mencao value (30481, '1CP1', 2007, 1, 'SA', 2, 'R');

insert into mencao value (30481, '1CP1', 2007, 1, 'HBCI', 2, 'I');


insert into mencao value (30204, '1CP1', 2007, 1, 'SA', 2, 'I');

insert into mencao value (30204, '1CP1', 2007, 1, 'HBCI', 2, 'I');


insert into mencao value (30700, '1CP1', 2007, 1, 'SA', 2, 'NA');

insert into mencao value (30700, '1CP1', 2007, 1, 'HBCI', 2, 'NA');


insert into mencao value (30355, '2CP1', 2008, 2, 'MA', 2, 'I');

insert into mencao value (30355, '2CP1', 2008, 2, 'HBCII', 2, 'R');

insert into mencao value (30355, '2CP1', 2008, 2, 'NN', 2, 'I');


insert into mencao value (30494, '2CP1', 2008, 2, 'MA', 1, 'R');

insert into mencao value (30494, '2CP1', 2008, 2, 'HBCII', 1, 'R');

insert into mencao value (30494, '2CP1', 2008, 2, 'NN', 1, 'I');


insert into mencao value (30817, '2CP1', 2008, 2, 'MA', 2, 'NA');

insert into mencao value (30817, '2CP1', 2008, 2, 'HBCII', 2, 'NA');

insert into mencao value (30817, '2CP1', 2008, 2, 'NN', 2, 'NA');


insert into mencao value (30502, '2CP1', 2008, 2, 'MA', 2, 'NA');

insert into mencao value (30502, '2CP1', 2008, 2, 'HBCII', 2, 'NA');

insert into mencao value (30502, '2CP1', 2008, 2, 'NN', 2, 'NA');


insert into mencao value (30635, '2CP1', 2008, 2, 'MA', 1, 'R');

insert into mencao value (30635, '2CP1', 2008, 2, 'HBCII', 1, 'R');

insert into mencao value (30635, '2CP1', 2008, 2, 'NN', 1, 'R');


insert into mencao value (30150, '2CP1', 2008, 2, 'MA', 2, 'R');

insert into mencao value (30150, '2CP1', 2008, 2, 'HBCII', 2, 'R');

insert into mencao value (30150, '2CP1', 2008, 2, 'NN', 2, 'I');


insert into mencao value (30821, '2CP1', 2008, 2, 'MA', 2, 'I');

insert into mencao value (30821, '2CP1', 2008, 2, 'HBCII', 2, 'R');

insert into mencao value (30821, '2CP1', 2008, 2, 'NN', 2, 'R');


insert into mencao value (30638, '2CP1', 2008, 2, 'MA', 2, 'R');

insert into mencao value (30638, '2CP1', 2008, 2, 'HBCII', 2, 'R');

insert into mencao value (30638, '2CP1', 2008, 2, 'NN', 2, 'R');


insert into mencao value (30437, '2CP1', 2008, 2, 'MA', 2, 'R');

insert into mencao value (30437, '2CP1', 2008, 2, 'HBCII', 2, 'B');

insert into mencao value (30437, '2CP1', 2008, 2, 'NN', 2, 'R');


insert into mencao value (30882, '2CP1', 2008, 2, 'MA', 2, 'I');

insert into mencao value (30882, '2CP1', 2008, 2, 'HBCII', 2, 'I');

insert into mencao value (30882, '2CP1', 2008, 2, 'NN', 2, 'I');


insert into mencao value (30123, '1CV1', 2009, 1, 'Veg', 2, 'I');

insert into mencao value (30123, '1CV1', 2009, 1, 'TC', 2, 'I');

insert into mencao value (30123, '1CV1', 2009, 1, 'NN', 2, 'R');


insert into mencao value (30712, '1CV1', 2009, 1, 'Veg', 2, 'I');

insert into mencao value (30712, '1CV1', 2009, 1, 'TC', 2, 'I');

insert into mencao value (30712, '1CV1', 2009, 1, 'NN', 2, 'B');


insert into mencao value (30717, '1CV1', 2009, 1, 'Veg', 2, 'I');

insert into mencao value (30717, '1CV1', 2009, 1, 'TC', 2, 'I');

insert into mencao value (30717, '1CV1', 2009, 1, 'NN', 2, 'MB');


insert into mencao value (30321, '1CV1', 2009, 1, 'Veg', 2, 'I');

insert into mencao value (30321, '1CV1', 2009, 1, 'TC', 2, 'R');

insert into mencao value (30321, '1CV1', 2009, 1, 'NN', 2, 'I');


insert into mencao value (30946, '1CV1', 2009, 1, 'Veg', 1, 'I');

insert into mencao value (30946, '1CV1', 2009, 1, 'TC', 1, 'R');

insert into mencao value (30946, '1CV1', 2009, 1, 'NN', 1, 'R');


insert into mencao value (30500, '1CV1', 2009, 1, 'Veg', 1, 'I');

insert into mencao value (30500, '1CV1', 2009, 1, 'TC', 1, 'R');

insert into mencao value (30500, '1CV1', 2009, 1, 'NN', 1, 'B');


insert into mencao value (30740, '1CV1', 2009, 1, 'Veg', 2, 'NA');

insert into mencao value (30740, '1CV1', 2009, 1, 'TC', 2, 'NA');

insert into mencao value (30740, '1CV1', 2009, 1, 'NN', 2, 'NA');


insert into mencao value (30575, '1CV1', 2009, 1, 'Veg', 2, 'NA');

insert into mencao value (30575, '1CV1', 2009, 1, 'TC', 2, 'NA');

insert into mencao value (30575, '1CV1', 2009, 1, 'NN', 2, 'NA');


insert into mencao value (30877, '1CV1', 2009, 1, 'Veg', 2, 'NA');

insert into mencao value (30877, '1CV1', 2009, 1, 'TC', 2, 'NA');

insert into mencao value (30877, '1CV1', 2009, 1, 'NN', 2, 'NA');


insert into mencao value (30263, '1CV1', 2009, 1, 'Veg', 2, 'I');

insert into mencao value (30263, '1CV1', 2009, 1, 'TC', 2, 'R');

insert into mencao value (30263, '1CV1', 2009, 1, 'NN', 2, 'MB');


insert into mencao value (30957, '2CV1', 2010, 2, 'TTG', 2, 'I');

insert into mencao value (30957, '2CV1', 2010, 2, 'RV', 2, 'B');


insert into mencao value (30303, '2CV1', 2010, 2, 'TTG', 2, 'I');

insert into mencao value (30303, '2CV1', 2010, 2, 'RV', 2, 'MB');


insert into mencao value (30483, '2CV1', 2010, 2, 'TTG', 2, 'R');

insert into mencao value (30483, '2CV1', 2010, 2, 'RV', 2, 'I');


insert into mencao value (30658, '2CV1', 2010, 2, 'TTG', 2, 'R');

insert into mencao value (30658, '2CV1', 2010, 2, 'RV', 2, 'R');


insert into mencao value (30426, '2CV1', 2010, 2, 'TTG', 2, 'R');

insert into mencao value (30426, '2CV1', 2010, 2, 'RV', 2, 'B');


insert into mencao value (30602, '2CV1', 2010, 2, 'TTG', 2, 'R');

insert into mencao value (30602, '2CV1', 2010, 2, 'RV', 2, 'MB');


insert into mencao value (30822, '2CV1', 2010, 2, 'TTG', 2, 'B');

insert into mencao value (30822, '2CV1', 2010, 2, 'RV', 2, 'I');


insert into mencao value (30891, '2CV1', 2010, 2, 'TTG', 2, 'B');

insert into mencao value (30891, '2CV1', 2010, 2, 'RV', 2, 'R');


insert into mencao value (30163, '2CV1', 2010, 2, 'TTG', 2, 'B');

insert into mencao value (30163, '2CV1', 2010, 2, 'RV', 2, 'B');


insert into mencao value (30485, '2CV1', 2010, 2, 'TTG', 2, 'MB');

insert into mencao value (30485, '2CV1', 2010, 2, 'RV', 2, 'MB');


select * from mencao;